<?xml version="1.0" encoding="UTF-8"?>
<project-private xmlns="http://www.netbeans.org/ns/project-private/1">
    <editor-bookmarks xmlns="http://www.netbeans.org/ns/editor-bookmarks/2" lastBookmarkId="0"/>
    <open-files xmlns="http://www.netbeans.org/ns/projectui-open-files/2">
        <group name="Oefeningen les">
            <file>file:/C:/Users/nicol/Documents/School/OO%20Programmeren%20II/Project/src/domein/Speler.java</file>
            <file>file:/C:/Users/nicol/Documents/School/OO%20Programmeren%20II/Project/src/main/StartUp.java</file>
            <file>file:/C:/Users/nicol/Documents/School/OO%20Programmeren%20II/Project/src/persistentie/SpelMapper.java</file>
            <file>file:/C:/Users/nicol/Documents/School/OO%20Programmeren%20II/Project/src/gui/SpelApplicatie.java</file>
            <file>file:/C:/Users/nicol/Documents/School/OO%20Programmeren%20II/Project/src/domein/DomeinController.java</file>
        </group>
        <group>
            <file>file:/C:/Users/Nicolas/Documents/GitHub/Projecten/Project%202/src/persistentie/SpelMapper.java</file>
            <file>file:/C:/Users/Nicolas/Documents/GitHub/Projecten/Project%202/src/main/StartUp.java</file>
            <file>file:/C:/Users/Nicolas/Documents/GitHub/Projecten/Project%202/src/domein/SpelerRepository.java</file>
            <file>file:/C:/Users/Nicolas/Documents/GitHub/Projecten/Project%202/src/gui/SpelApplicatie.java</file>
            <file>file:/C:/Users/Nicolas/Documents/GitHub/Projecten/Project%202/src/domein/DomeinController.java</file>
        </group>
    </open-files>
</project-private>
